iteration,collectionName,requestName,method,url,status,code,responseTime,responseSize,executed,failed,skipped,totalAssertions,executedCount,failedCount,skippedCount
"1","Pipedrive API v1","Delete multiple activities in bulk","DELETE","https://api.pipedrive.com/v1/activities?ids=<string>&api_token=4b809751552328704650aab64be9d16cd628b7924b809751552328704650aab64be9d16cd628b792","Unauthorized","401","2662","116",,,,"0","0","0","0"
"1","Pipedrive API v1","Get all activities assigned to a particular user","GET","https://api.pipedrive.com/v1/activities?user_id=<integer>&filter_id=<integer>&type=<string>&limit=<integer>&start=<integer>&start_date=<date>&end_date=<date>&done=<number>&api_token=4b809751552328704650aab64be9d16cd628b7924b809751552328704650aab64be9d16cd628b792","Unauthorized","401","321","116",,,,"0","0","0","0"
"1","Pipedrive API v1","Add an activity","POST","https://api.pipedrive.com/v1/activities?api_token=4b809751552328704650aab64be9d16cd628b7924b809751552328704650aab64be9d16cd628b792","Unauthorized","401","424","116",,,,"0","0","0","0"
"1","Pipedrive API v1","Get all activities (BETA)","GET","https://api.pipedrive.com/v1/activities/collection?cursor=<string>&limit=<integer>&since=<string>&until=<string>&user_id=<integer>&done=<boolean>&type=<string>&api_token=4b809751552328704650aab64be9d16cd628b7924b809751552328704650aab64be9d16cd628b792","Unauthorized","401","792","116",,,,"0","0","0","0"
"1","Pipedrive API v1","Delete an activity","DELETE","https://api.pipedrive.com/v1/activities/<integer>?api_token=4b809751552328704650aab64be9d16cd628b7924b809751552328704650aab64be9d16cd628b792","Unauthorized","401","560","116",,,,"0","0","0","0"
"1","Pipedrive API v1","Get details of an activity","GET","https://api.pipedrive.com/v1/activities/<integer>?api_token=4b809751552328704650aab64be9d16cd628b7924b809751552328704650aab64be9d16cd628b792","Unauthorized","401","425","116",,,,"0","0","0","0"
"1","Pipedrive API v1","Update an activity","PUT","https://api.pipedrive.com/v1/activities/<integer>?api_token=4b809751552328704650aab64be9d16cd628b7924b809751552328704650aab64be9d16cd628b792","Unauthorized","401","419","116",,,,"0","0","0","0"
"1","Pipedrive API v1","Get all activity fields","GET","https://api.pipedrive.com/v1/activityFields?api_token=4b809751552328704650aab64be9d16cd628b7924b809751552328704650aab64be9d16cd628b792","Unauthorized","401","190","116",,,,"0","0","0","0"
"1","Pipedrive API v1","Delete multiple activity types in bulk","DELETE","https://api.pipedrive.com/v1/activityTypes?ids=<string>&api_token=4b809751552328704650aab64be9d16cd628b7924b809751552328704650aab64be9d16cd628b792","Unauthorized","401","658","116",,,,"0","0","0","0"
"1","Pipedrive API v1","Get all activity types","GET","https://api.pipedrive.com/v1/activityTypes?api_token=4b809751552328704650aab64be9d16cd628b7924b809751552328704650aab64be9d16cd628b792","Unauthorized","401","432","116",,,,"0","0","0","0"
"1","Pipedrive API v1","Add new activity type","POST","https://api.pipedrive.com/v1/activityTypes?api_token=4b809751552328704650aab64be9d16cd628b7924b809751552328704650aab64be9d16cd628b792","Unauthorized","401","423","116",,,,"0","0","0","0"
"1","Pipedrive API v1","Delete an activity type","DELETE","https://api.pipedrive.com/v1/activityTypes/<integer>?api_token=4b809751552328704650aab64be9d16cd628b7924b809751552328704650aab64be9d16cd628b792","Unauthorized","401","411","116",,,,"0","0","0","0"
"1","Pipedrive API v1","Update an activity type","PUT","https://api.pipedrive.com/v1/activityTypes/<integer>?api_token=4b809751552328704650aab64be9d16cd628b7924b809751552328704650aab64be9d16cd628b792","Unauthorized","401","756","116",,,,"0","0","0","0"
"1","Pipedrive API v1","Get all add-ons for a single company","GET","https://api.pipedrive.com/v1/billing/subscriptions/addons?api_token=4b809751552328704650aab64be9d16cd628b7924b809751552328704650aab64be9d16cd628b792","Unauthorized","401","602","116",,,,"0","0","0","0"
"1","Pipedrive API v1","Add a call log","POST","https://api.pipedrive.com/v1/callLogs?api_token=4b809751552328704650aab64be9d16cd628b7924b809751552328704650aab64be9d16cd628b792","Unauthorized","401","456","116",,,,"0","0","0","0"
"1","Pipedrive API v1","Get all call logs assigned to a particular user","GET","https://api.pipedrive.com/v1/callLogs?start=0&limit=<integer>&api_token=4b809751552328704650aab64be9d16cd628b7924b809751552328704650aab64be9d16cd628b792","Unauthorized","401","420","116",,,,"0","0","0","0"
"1","Pipedrive API v1","Delete a call log","DELETE","https://api.pipedrive.com/v1/callLogs/<string>?api_token=4b809751552328704650aab64be9d16cd628b7924b809751552328704650aab64be9d16cd628b792","Unauthorized","401","421","116",,,,"0","0","0","0"
"1","Pipedrive API v1","Get details of a call log","GET","https://api.pipedrive.com/v1/callLogs/<string>?api_token=4b809751552328704650aab64be9d16cd628b7924b809751552328704650aab64be9d16cd628b792","Unauthorized","401","430","116",,,,"0","0","0","0"
"1","Pipedrive API v1","Attach an audio file to the call log","POST","https://api.pipedrive.com/v1/callLogs/<string>/recordings?api_token=4b809751552328704650aab64be9d16cd628b7924b809751552328704650aab64be9d16cd628b792","Unauthorized","401","451","116",,,,"0","0","0","0"
"1","Pipedrive API v1","Add a channel","POST","https://api.pipedrive.com/v1/channels?api_token=4b809751552328704650aab64be9d16cd628b7924b809751552328704650aab64be9d16cd628b792","Unauthorized","401","438","116",,,,"0","0","0","0"
"1","Pipedrive API v1","Delete a channel","DELETE","https://api.pipedrive.com/v1/channels/<string>?api_token=4b809751552328704650aab64be9d16cd628b7924b809751552328704650aab64be9d16cd628b792","Unauthorized","401","421","116",,,,"0","0","0","0"
"1","Pipedrive API v1","Receives an incoming message","POST","https://api.pipedrive.com/v1/channels/messages/receive?api_token=4b809751552328704650aab64be9d16cd628b7924b809751552328704650aab64be9d16cd628b792","Unauthorized","401","419","116",,,,"0","0","0","0"
"1","Pipedrive API v1","Delete a conversation","DELETE","https://api.pipedrive.com/v1/channels/<string>/conversations/<string>?api_token=4b809751552328704650aab64be9d16cd628b7924b809751552328704650aab64be9d16cd628b792","Unauthorized","401","423","116",,,,"0","0","0","0"
"1","Pipedrive API v1","Get all supported currencies","GET","https://api.pipedrive.com/v1/currencies?term=<string>&api_token=4b809751552328704650aab64be9d16cd628b7924b809751552328704650aab64be9d16cd628b792","Unauthorized","401","221","116",,,,"0","0","0","0"
"1","Pipedrive API v1","Get all deal fields","GET","https://api.pipedrive.com/v1/dealFields?start=0&limit=<integer>&api_token=4b809751552328704650aab64be9d16cd628b7924b809751552328704650aab64be9d16cd628b792","Unauthorized","401","195","116",,,,"0","0","0","0"
"1","Pipedrive API v1","Add a new deal field","POST","https://api.pipedrive.com/v1/dealFields?api_token=4b809751552328704650aab64be9d16cd628b7924b809751552328704650aab64be9d16cd628b792","Unauthorized","401","335","116",,,,"0","0","0","0"
"1","Pipedrive API v1","Delete multiple deal fields in bulk","DELETE","https://api.pipedrive.com/v1/dealFields?ids=<string>&api_token=4b809751552328704650aab64be9d16cd628b7924b809751552328704650aab64be9d16cd628b792","Unauthorized","401","187","116",,,,"0","0","0","0"
"1","Pipedrive API v1","Get one deal field","GET","https://api.pipedrive.com/v1/dealFields/<integer>?api_token=4b809751552328704650aab64be9d16cd628b7924b809751552328704650aab64be9d16cd628b792","Unauthorized","401","195","116",,,,"0","0","0","0"
"1","Pipedrive API v1","Delete a deal field","DELETE","https://api.pipedrive.com/v1/dealFields/<integer>?api_token=4b809751552328704650aab64be9d16cd628b7924b809751552328704650aab64be9d16cd628b792","Unauthorized","401","294","116",,,,"0","0","0","0"
"1","Pipedrive API v1","Update a deal field","PUT","https://api.pipedrive.com/v1/dealFields/<integer>?api_token=4b809751552328704650aab64be9d16cd628b7924b809751552328704650aab64be9d16cd628b792","Unauthorized","401","197","116",,,,"0","0","0","0"
"1","Pipedrive API v1","Get all deals","GET","https://api.pipedrive.com/v1/deals?user_id=<integer>&filter_id=<integer>&stage_id=<integer>&status=all_not_deleted&start=0&limit=<integer>&sort=<string>&owned_by_you=<number>&api_token=4b809751552328704650aab64be9d16cd628b7924b809751552328704650aab64be9d16cd628b792","Unauthorized","401","214","116",,,,"0","0","0","0"
"1","Pipedrive API v1","Add a deal","POST","https://api.pipedrive.com/v1/deals?api_token=4b809751552328704650aab64be9d16cd628b7924b809751552328704650aab64be9d16cd628b792","Unauthorized","401","230","116",,,,"0","0","0","0"
"1","Pipedrive API v1","Delete multiple deals in bulk","DELETE","https://api.pipedrive.com/v1/deals?ids=<string>&api_token=4b809751552328704650aab64be9d16cd628b7924b809751552328704650aab64be9d16cd628b792","Unauthorized","401","533","116",,,,"0","0","0","0"
"1","Pipedrive API v1","Get all deals (BETA)","GET","https://api.pipedrive.com/v1/deals/collection?cursor=<string>&limit=<integer>&since=<string>&until=<string>&user_id=<integer>&stage_id=<integer>&status=<string>&api_token=4b809751552328704650aab64be9d16cd628b7924b809751552328704650aab64be9d16cd628b792","Unauthorized","401","224","116",,,,"0","0","0","0"
"1","Pipedrive API v1","Search deals","GET","https://api.pipedrive.com/v1/deals/search?term=<string>&fields=<string>&exact_match=<boolean>&person_id=<integer>&organization_id=<integer>&status=<string>&include_fields=<string>&start=0&limit=<integer>&api_token=4b809751552328704650aab64be9d16cd628b7924b809751552328704650aab64be9d16cd628b792","Unauthorized","401","216","116",,,,"0","0","0","0"
"1","Pipedrive API v1","Get deals summary","GET","https://api.pipedrive.com/v1/deals/summary?status=<string>&filter_id=<integer>&user_id=<integer>&pipeline_id=<integer>&stage_id=<integer>&api_token=4b809751552328704650aab64be9d16cd628b7924b809751552328704650aab64be9d16cd628b792","Unauthorized","401","597","116",,,,"0","0","0","0"
"1","Pipedrive API v1","Get deals timeline","GET","https://api.pipedrive.com/v1/deals/timeline?start_date=<date>&interval=<string>&amount=<integer>&field_key=<string>&user_id=<integer>&pipeline_id=<integer>&filter_id=<integer>&exclude_deals=<number>&totals_convert_currency=<string>&api_token=4b809751552328704650aab64be9d16cd628b7924b809751552328704650aab64be9d16cd628b792","Unauthorized","401","498","116",,,,"0","0","0","0"
"1","Pipedrive API v1","Delete a deal","DELETE","https://api.pipedrive.com/v1/deals/<integer>?api_token=4b809751552328704650aab64be9d16cd628b7924b809751552328704650aab64be9d16cd628b792","Unauthorized","401","435","116",,,,"0","0","0","0"
"1","Pipedrive API v1","Get details of a deal","GET","https://api.pipedrive.com/v1/deals/<integer>?api_token=4b809751552328704650aab64be9d16cd628b7924b809751552328704650aab64be9d16cd628b792","Unauthorized","401","441","116",,,,"0","0","0","0"
"1","Pipedrive API v1","Update a deal","PUT","https://api.pipedrive.com/v1/deals/<integer>?api_token=4b809751552328704650aab64be9d16cd628b7924b809751552328704650aab64be9d16cd628b792","Unauthorized","401","447","116",,,,"0","0","0","0"
"1","Pipedrive API v1","List activities associated with a deal","GET","https://api.pipedrive.com/v1/deals/<integer>/activities?start=0&limit=<integer>&done=<number>&exclude=<string>&api_token=4b809751552328704650aab64be9d16cd628b7924b809751552328704650aab64be9d16cd628b792","Unauthorized","401","436","116",,,,"0","0","0","0"
"1","Pipedrive API v1","List updates about deal field values","GET","https://api.pipedrive.com/v1/deals/<integer>/changelog?cursor=<string>&limit=<integer>&api_token=4b809751552328704650aab64be9d16cd628b7924b809751552328704650aab64be9d16cd628b792","Unauthorized","401","407","116",,,,"0","0","0","0"
"1","Pipedrive API v1","Duplicate deal","POST","https://api.pipedrive.com/v1/deals/<integer>/duplicate?api_token=4b809751552328704650aab64be9d16cd628b7924b809751552328704650aab64be9d16cd628b792","Unauthorized","401","425","116",,,,"0","0","0","0"
"1","Pipedrive API v1","List files attached to a deal","GET","https://api.pipedrive.com/v1/deals/<integer>/files?start=0&limit=<integer>&sort=<string>&api_token=4b809751552328704650aab64be9d16cd628b7924b809751552328704650aab64be9d16cd628b792","Unauthorized","401","441","116",,,,"0","0","0","0"
"1","Pipedrive API v1","List updates about a deal","GET","https://api.pipedrive.com/v1/deals/<integer>/flow?start=0&limit=<integer>&all_changes=<string>&items=<string>&api_token=4b809751552328704650aab64be9d16cd628b7924b809751552328704650aab64be9d16cd628b792","Unauthorized","401","452","116",,,,"0","0","0","0"
"1","Pipedrive API v1","List updates about participants of a deal","GET","https://api.pipedrive.com/v1/deals/<integer>/participantsChangelog?limit=<integer>&cursor=<string>&api_token=4b809751552328704650aab64be9d16cd628b7924b809751552328704650aab64be9d16cd628b792","Unauthorized","401","438","116",,,,"0","0","0","0"
"1","Pipedrive API v1","List followers of a deal","GET","https://api.pipedrive.com/v1/deals/<integer>/followers?api_token=4b809751552328704650aab64be9d16cd628b7924b809751552328704650aab64be9d16cd628b792","Unauthorized","401","408","116",,,,"0","0","0","0"
"1","Pipedrive API v1","Add a follower to a deal","POST","https://api.pipedrive.com/v1/deals/<integer>/followers?api_token=4b809751552328704650aab64be9d16cd628b7924b809751552328704650aab64be9d16cd628b792","Unauthorized","401","464","116",,,,"0","0","0","0"
"1","Pipedrive API v1","Delete a follower from a deal","DELETE","https://api.pipedrive.com/v1/deals/<integer>/followers/<integer>?api_token=4b809751552328704650aab64be9d16cd628b7924b809751552328704650aab64be9d16cd628b792","Unauthorized","401","478","116",,,,"0","0","0","0"
"1","Pipedrive API v1","List mail messages associated with a deal","GET","https://api.pipedrive.com/v1/deals/<integer>/mailMessages?start=0&limit=<integer>&api_token=4b809751552328704650aab64be9d16cd628b7924b809751552328704650aab64be9d16cd628b792","Unauthorized","401","417","116",,,,"0","0","0","0"
"1","Pipedrive API v1","Merge two deals","PUT","https://api.pipedrive.com/v1/deals/<integer>/merge?api_token=4b809751552328704650aab64be9d16cd628b7924b809751552328704650aab64be9d16cd628b792","Unauthorized","401","393","116",,,,"0","0","0","0"
"1","Pipedrive API v1","List participants of a deal","GET","https://api.pipedrive.com/v1/deals/<integer>/participants?start=0&limit=<integer>&api_token=4b809751552328704650aab64be9d16cd628b7924b809751552328704650aab64be9d16cd628b792","Unauthorized","401","477","116",,,,"0","0","0","0"
"1","Pipedrive API v1","Add a participant to a deal","POST","https://api.pipedrive.com/v1/deals/<integer>/participants?api_token=4b809751552328704650aab64be9d16cd628b7924b809751552328704650aab64be9d16cd628b792","Unauthorized","401","456","116",,,,"0","0","0","0"
"1","Pipedrive API v1","Delete a participant from a deal","DELETE","https://api.pipedrive.com/v1/deals/<integer>/participants/<integer>?api_token=4b809751552328704650aab64be9d16cd628b7924b809751552328704650aab64be9d16cd628b792","Unauthorized","401","409","116",,,,"0","0","0","0"
"1","Pipedrive API v1","List permitted users","GET","https://api.pipedrive.com/v1/deals/<integer>/permittedUsers?api_token=4b809751552328704650aab64be9d16cd628b7924b809751552328704650aab64be9d16cd628b792","Unauthorized","401","432","116",,,,"0","0","0","0"
"1","Pipedrive API v1","List all persons associated with a deal","GET","https://api.pipedrive.com/v1/deals/<integer>/persons?start=0&limit=<integer>&api_token=4b809751552328704650aab64be9d16cd628b7924b809751552328704650aab64be9d16cd628b792","Unauthorized","401","427","116",,,,"0","0","0","0"
"1","Pipedrive API v1","List products attached to a deal","GET","https://api.pipedrive.com/v1/deals/<integer>/products?start=0&limit=<integer>&include_product_data=<number>&api_token=4b809751552328704650aab64be9d16cd628b7924b809751552328704650aab64be9d16cd628b792","Unauthorized","401","418","116",,,,"0","0","0","0"
"1","Pipedrive API v1","Add a product to a deal","POST","https://api.pipedrive.com/v1/deals/<integer>/products?api_token=4b809751552328704650aab64be9d16cd628b7924b809751552328704650aab64be9d16cd628b792","Unauthorized","401","442","116",,,,"0","0","0","0"
"1","Pipedrive API v1","Update the product attached to a deal","PUT","https://api.pipedrive.com/v1/deals/<integer>/products/<integer>?api_token=4b809751552328704650aab64be9d16cd628b7924b809751552328704650aab64be9d16cd628b792","Unauthorized","401","444","116",,,,"0","0","0","0"
"1","Pipedrive API v1","Delete an attached product from a deal","DELETE","https://api.pipedrive.com/v1/deals/<integer>/products/<integer>?api_token=4b809751552328704650aab64be9d16cd628b7924b809751552328704650aab64be9d16cd628b792","Unauthorized","401","432","116",,,,"0","0","0","0"
"1","Pipedrive API v1","Get all files","GET","https://api.pipedrive.com/v1/files?start=0&limit=<integer>&sort=<string>&api_token=4b809751552328704650aab64be9d16cd628b7924b809751552328704650aab64be9d16cd628b792","Unauthorized","401","419","116",,,,"0","0","0","0"
"1","Pipedrive API v1","Add file","POST","https://api.pipedrive.com/v1/files?api_token=4b809751552328704650aab64be9d16cd628b7924b809751552328704650aab64be9d16cd628b792","Unauthorized","401","441","116",,,,"0","0","0","0"
"1","Pipedrive API v1","Create a remote file and link it to an item","POST","https://api.pipedrive.com/v1/files/remote?api_token=4b809751552328704650aab64be9d16cd628b7924b809751552328704650aab64be9d16cd628b792","Unauthorized","401","456","116",,,,"0","0","0","0"
"1","Pipedrive API v1","Link a remote file to an item","POST","https://api.pipedrive.com/v1/files/remoteLink?api_token=4b809751552328704650aab64be9d16cd628b7924b809751552328704650aab64be9d16cd628b792","Unauthorized","401","408","116",,,,"0","0","0","0"
"1","Pipedrive API v1","Delete a file","DELETE","https://api.pipedrive.com/v1/files/<integer>?api_token=4b809751552328704650aab64be9d16cd628b7924b809751552328704650aab64be9d16cd628b792","Unauthorized","401","444","116",,,,"0","0","0","0"
"1","Pipedrive API v1","Get one file","GET","https://api.pipedrive.com/v1/files/<integer>?api_token=4b809751552328704650aab64be9d16cd628b7924b809751552328704650aab64be9d16cd628b792","Unauthorized","401","415","116",,,,"0","0","0","0"
"1","Pipedrive API v1","Update file details","PUT","https://api.pipedrive.com/v1/files/<integer>?api_token=4b809751552328704650aab64be9d16cd628b7924b809751552328704650aab64be9d16cd628b792","Unauthorized","401","425","116",,,,"0","0","0","0"
"1","Pipedrive API v1","Download one file","GET","https://api.pipedrive.com/v1/files/<integer>/download?api_token=4b809751552328704650aab64be9d16cd628b7924b809751552328704650aab64be9d16cd628b792","Unauthorized","401","433","116",,,,"0","0","0","0"
"1","Pipedrive API v1","Delete multiple filters in bulk","DELETE","https://api.pipedrive.com/v1/filters?ids=<string>&api_token=4b809751552328704650aab64be9d16cd628b7924b809751552328704650aab64be9d16cd628b792","Unauthorized","401","196","116",,,,"0","0","0","0"
"1","Pipedrive API v1","Get all filters","GET","https://api.pipedrive.com/v1/filters?type=<string>&api_token=4b809751552328704650aab64be9d16cd628b7924b809751552328704650aab64be9d16cd628b792","Unauthorized","401","696","116",,,,"0","0","0","0"
"1","Pipedrive API v1","Add a new filter","POST","https://api.pipedrive.com/v1/filters?api_token=4b809751552328704650aab64be9d16cd628b7924b809751552328704650aab64be9d16cd628b792","Unauthorized","401","421","116",,,,"0","0","0","0"
"1","Pipedrive API v1","Get all filter helpers","GET","https://api.pipedrive.com/v1/filters/helpers?api_token=4b809751552328704650aab64be9d16cd628b7924b809751552328704650aab64be9d16cd628b792","Unauthorized","401","432","116",,,,"0","0","0","0"
"1","Pipedrive API v1","Delete a filter","DELETE","https://api.pipedrive.com/v1/filters/<integer>?api_token=4b809751552328704650aab64be9d16cd628b7924b809751552328704650aab64be9d16cd628b792","Unauthorized","401","450","116",,,,"0","0","0","0"
"1","Pipedrive API v1","Get one filter","GET","https://api.pipedrive.com/v1/filters/<integer>?api_token=4b809751552328704650aab64be9d16cd628b7924b809751552328704650aab64be9d16cd628b792","Unauthorized","401","671","116",,,,"0","0","0","0"
"1","Pipedrive API v1","Update filter","PUT","https://api.pipedrive.com/v1/filters/<integer>?api_token=4b809751552328704650aab64be9d16cd628b7924b809751552328704650aab64be9d16cd628b792","Unauthorized","401","669","116",,,,"0","0","0","0"
"1","Pipedrive API v1","Add a new goal","POST","https://api.pipedrive.com/v1/goals?api_token=4b809751552328704650aab64be9d16cd628b7924b809751552328704650aab64be9d16cd628b792","Unauthorized","401","189","116",,,,"0","0","0","0"
"1","Pipedrive API v1","Find goals","GET","https://api.pipedrive.com/v1/goals/find?type.name=<string>&title=<string>&is_active=true&assignee.id=<integer>&assignee.type=<string>&expected_outcome.target=<number>&expected_outcome.tracking_metric=<string>&expected_outcome.currency_id=<integer>&type.params.pipeline_id=<integer>&type.params.pipeline_id=<integer>&type.params.stage_id=<integer>&type.params.activity_type_id=<integer>&type.params.activity_type_id=<integer>&period.start=<date>&period.end=<date>&api_token=4b809751552328704650aab64be9d16cd628b7924b809751552328704650aab64be9d16cd628b792","Unauthorized","401","247","116",,,,"0","0","0","0"
"1","Pipedrive API v1","Update existing goal","PUT","https://api.pipedrive.com/v1/goals/<string>?api_token=4b809751552328704650aab64be9d16cd628b7924b809751552328704650aab64be9d16cd628b792","Unauthorized","401","448","116",,,,"0","0","0","0"
"1","Pipedrive API v1","Delete existing goal","DELETE","https://api.pipedrive.com/v1/goals/<string>?api_token=4b809751552328704650aab64be9d16cd628b7924b809751552328704650aab64be9d16cd628b792","Unauthorized","401","662","116",,,,"0","0","0","0"
"1","Pipedrive API v1","Get result of a goal","GET","https://api.pipedrive.com/v1/goals/<string>/results?period.start=<date>&period.end=<date>&api_token=4b809751552328704650aab64be9d16cd628b7924b809751552328704650aab64be9d16cd628b792","Unauthorized","401","1016","116",,,,"0","0","0","0"
"1","Pipedrive API v1","Perform a search from multiple item types","GET","https://api.pipedrive.com/v1/itemSearch?term=<string>&item_types=<string>&fields=<string>&search_for_related_items=<boolean>&exact_match=<boolean>&include_fields=<string>&start=0&limit=<integer>&api_token=4b809751552328704650aab64be9d16cd628b7924b809751552328704650aab64be9d16cd628b792","Unauthorized","401","650","116",,,,"0","0","0","0"
"1","Pipedrive API v1","Perform a search using a specific field from an item type","GET","https://api.pipedrive.com/v1/itemSearch/field?term=<string>&field_type=<string>&exact_match=false&field_key=<string>&return_item_ids=<boolean>&start=<integer>&limit=<integer>&api_token=4b809751552328704650aab64be9d16cd628b7924b809751552328704650aab64be9d16cd628b792","Unauthorized","401","437","116",,,,"0","0","0","0"
"1","Pipedrive API v1","Get all lead labels","GET","https://api.pipedrive.com/v1/leadLabels?api_token=4b809751552328704650aab64be9d16cd628b7924b809751552328704650aab64be9d16cd628b792","Unauthorized","401","439","116",,,,"0","0","0","0"
"1","Pipedrive API v1","Add a lead label","POST","https://api.pipedrive.com/v1/leadLabels?api_token=4b809751552328704650aab64be9d16cd628b7924b809751552328704650aab64be9d16cd628b792","Unauthorized","401","431","116",,,,"0","0","0","0"
"1","Pipedrive API v1","Update a lead label","PATCH","https://api.pipedrive.com/v1/leadLabels/<uuid>?api_token=4b809751552328704650aab64be9d16cd628b7924b809751552328704650aab64be9d16cd628b792","Unauthorized","401","445","116",,,,"0","0","0","0"
"1","Pipedrive API v1","Delete a lead label","DELETE","https://api.pipedrive.com/v1/leadLabels/<uuid>?api_token=4b809751552328704650aab64be9d16cd628b7924b809751552328704650aab64be9d16cd628b792","Unauthorized","401","431","116",,,,"0","0","0","0"
"1","Pipedrive API v1","Get all lead sources","GET","https://api.pipedrive.com/v1/leadSources?api_token=4b809751552328704650aab64be9d16cd628b7924b809751552328704650aab64be9d16cd628b792","Unauthorized","401","428","116",,,,"0","0","0","0"
"1","Pipedrive API v1","Get all leads","GET","https://api.pipedrive.com/v1/leads?limit=<integer>&start=<integer>&archived_status=<string>&owner_id=<integer>&person_id=<integer>&organization_id=<integer>&filter_id=<integer>&sort=<string>&api_token=4b809751552328704650aab64be9d16cd628b7924b809751552328704650aab64be9d16cd628b792","Unauthorized","401","423","116",,,,"0","0","0","0"
"1","Pipedrive API v1","Add a lead","POST","https://api.pipedrive.com/v1/leads?api_token=4b809751552328704650aab64be9d16cd628b7924b809751552328704650aab64be9d16cd628b792","Unauthorized","401","442","116",,,,"0","0","0","0"
"1","Pipedrive API v1","Get one lead","GET","https://api.pipedrive.com/v1/leads/<uuid>?api_token=4b809751552328704650aab64be9d16cd628b7924b809751552328704650aab64be9d16cd628b792","Unauthorized","401","467","116",,,,"0","0","0","0"
"1","Pipedrive API v1","Update a lead","PATCH","https://api.pipedrive.com/v1/leads/<uuid>?api_token=4b809751552328704650aab64be9d16cd628b7924b809751552328704650aab64be9d16cd628b792","Unauthorized","401","413","116",,,,"0","0","0","0"
"1","Pipedrive API v1","Delete a lead","DELETE","https://api.pipedrive.com/v1/leads/<uuid>?api_token=4b809751552328704650aab64be9d16cd628b7924b809751552328704650aab64be9d16cd628b792","Unauthorized","401","422","116",,,,"0","0","0","0"
"1","Pipedrive API v1","List permitted users","GET","https://api.pipedrive.com/v1/leads/<string>/permittedUsers?api_token=4b809751552328704650aab64be9d16cd628b7924b809751552328704650aab64be9d16cd628b792","Unauthorized","401","431","116",,,,"0","0","0","0"
"1","Pipedrive API v1","Search leads","GET","https://api.pipedrive.com/v1/leads/search?term=<string>&fields=<string>&exact_match=<boolean>&person_id=<integer>&organization_id=<integer>&include_fields=<string>&start=0&limit=<integer>&api_token=4b809751552328704650aab64be9d16cd628b7924b809751552328704650aab64be9d16cd628b792","Unauthorized","401","696","116",,,,"0","0","0","0"
"1","Pipedrive API v1","Get all teams","GET","https://api.pipedrive.com/v1/legacyTeams?order_by=id&skip_users=0&api_token=4b809751552328704650aab64be9d16cd628b7924b809751552328704650aab64be9d16cd628b792","Unauthorized","401","207","116",,,,"0","0","0","0"
"1","Pipedrive API v1","Add a new team","POST","https://api.pipedrive.com/v1/legacyTeams?api_token=4b809751552328704650aab64be9d16cd628b7924b809751552328704650aab64be9d16cd628b792","Unauthorized","401","404","116",,,,"0","0","0","0"
"1","Pipedrive API v1","Get a single team","GET","https://api.pipedrive.com/v1/legacyTeams/<integer>?skip_users=0&api_token=4b809751552328704650aab64be9d16cd628b7924b809751552328704650aab64be9d16cd628b792","Unauthorized","401","451","116",,,,"0","0","0","0"
"1","Pipedrive API v1","Update a team","PUT","https://api.pipedrive.com/v1/legacyTeams/<integer>?api_token=4b809751552328704650aab64be9d16cd628b7924b809751552328704650aab64be9d16cd628b792","Unauthorized","401","436","116",,,,"0","0","0","0"
"1","Pipedrive API v1","Get all users in a team","GET","https://api.pipedrive.com/v1/legacyTeams/<integer>/users?api_token=4b809751552328704650aab64be9d16cd628b7924b809751552328704650aab64be9d16cd628b792","Unauthorized","401","424","116",,,,"0","0","0","0"
"1","Pipedrive API v1","Add users to a team","POST","https://api.pipedrive.com/v1/legacyTeams/<integer>/users?api_token=4b809751552328704650aab64be9d16cd628b7924b809751552328704650aab64be9d16cd628b792","Unauthorized","401","434","116",,,,"0","0","0","0"
"1","Pipedrive API v1","Delete users from a team","DELETE","https://api.pipedrive.com/v1/legacyTeams/<integer>/users?api_token=4b809751552328704650aab64be9d16cd628b7924b809751552328704650aab64be9d16cd628b792","Unauthorized","401","436","116",,,,"0","0","0","0"
"1","Pipedrive API v1","Get all teams of a user","GET","https://api.pipedrive.com/v1/legacyTeams/user/<integer>?order_by=id&skip_users=0&api_token=4b809751552328704650aab64be9d16cd628b7924b809751552328704650aab64be9d16cd628b792","Unauthorized","401","638","116",,,,"0","0","0","0"
"1","Pipedrive API v1","Get one mail message","GET","https://api.pipedrive.com/v1/mailbox/mailMessages/<integer>?include_body=0&api_token=4b809751552328704650aab64be9d16cd628b7924b809751552328704650aab64be9d16cd628b792","Unauthorized","401","628","116",,,,"0","0","0","0"
"1","Pipedrive API v1","Get mail threads","GET","https://api.pipedrive.com/v1/mailbox/mailThreads?folder=inbox&start=0&limit=<integer>&api_token=4b809751552328704650aab64be9d16cd628b7924b809751552328704650aab64be9d16cd628b792","Unauthorized","401","553","116",,,,"0","0","0","0"
"1","Pipedrive API v1","Delete mail thread","DELETE","https://api.pipedrive.com/v1/mailbox/mailThreads/<integer>?api_token=4b809751552328704650aab64be9d16cd628b7924b809751552328704650aab64be9d16cd628b792","Unauthorized","401","432","116",,,,"0","0","0","0"
"1","Pipedrive API v1","Get one mail thread","GET","https://api.pipedrive.com/v1/mailbox/mailThreads/<integer>?api_token=4b809751552328704650aab64be9d16cd628b7924b809751552328704650aab64be9d16cd628b792","Unauthorized","401","411","116",,,,"0","0","0","0"
"1","Pipedrive API v1","Update mail thread details","PUT","https://api.pipedrive.com/v1/mailbox/mailThreads/<integer>?api_token=4b809751552328704650aab64be9d16cd628b7924b809751552328704650aab64be9d16cd628b792","Unauthorized","401","425","116",,,,"0","0","0","0"
"1","Pipedrive API v1","Get all mail messages of mail thread","GET","https://api.pipedrive.com/v1/mailbox/mailThreads/<integer>/mailMessages?api_token=4b809751552328704650aab64be9d16cd628b7924b809751552328704650aab64be9d16cd628b792","Unauthorized","401","433","116",,,,"0","0","0","0"
"1","Pipedrive API v1","Link a user with the installed video call integration","POST","https://api.pipedrive.com/v1/meetings/userProviderLinks?api_token=4b809751552328704650aab64be9d16cd628b7924b809751552328704650aab64be9d16cd628b792","Unauthorized","401","434","116",,,,"0","0","0","0"
"1","Pipedrive API v1","Delete the link between a user and the installed video call integration","DELETE","https://api.pipedrive.com/v1/meetings/userProviderLinks/<uuid>?api_token=4b809751552328704650aab64be9d16cd628b7924b809751552328704650aab64be9d16cd628b792","Unauthorized","401","433","116",,,,"0","0","0","0"
"1","Pipedrive API v1","Get all note fields","GET","https://api.pipedrive.com/v1/noteFields?api_token=4b809751552328704650aab64be9d16cd628b7924b809751552328704650aab64be9d16cd628b792","Unauthorized","401","440","116",,,,"0","0","0","0"
"1","Pipedrive API v1","Get all notes","GET","https://api.pipedrive.com/v1/notes?user_id=<integer>&lead_id=<uuid>&deal_id=<integer>&person_id=<integer>&org_id=<integer>&start=0&limit=<integer>&sort=<string>&start_date=<date>&end_date=<date>&pinned_to_lead_flag=<number>&pinned_to_deal_flag=<number>&pinned_to_organization_flag=<number>&pinned_to_person_flag=<number>&api_token=4b809751552328704650aab64be9d16cd628b7924b809751552328704650aab64be9d16cd628b792","Unauthorized","401","434","116",,,,"0","0","0","0"
"1","Pipedrive API v1","Add a note","POST","https://api.pipedrive.com/v1/notes?api_token=4b809751552328704650aab64be9d16cd628b7924b809751552328704650aab64be9d16cd628b792","Unauthorized","401","431","116",,,,"0","0","0","0"
"1","Pipedrive API v1","Delete a note","DELETE","https://api.pipedrive.com/v1/notes/<integer>?api_token=4b809751552328704650aab64be9d16cd628b7924b809751552328704650aab64be9d16cd628b792","Unauthorized","401","439","116",,,,"0","0","0","0"
"1","Pipedrive API v1","Get one note","GET","https://api.pipedrive.com/v1/notes/<integer>?api_token=4b809751552328704650aab64be9d16cd628b7924b809751552328704650aab64be9d16cd628b792","Unauthorized","401","334","116",,,,"0","0","0","0"
"1","Pipedrive API v1","Update a note","PUT","https://api.pipedrive.com/v1/notes/<integer>?api_token=4b809751552328704650aab64be9d16cd628b7924b809751552328704650aab64be9d16cd628b792","Unauthorized","401","526","116",,,,"0","0","0","0"
"1","Pipedrive API v1","Get all comments for a note","GET","https://api.pipedrive.com/v1/notes/<integer>/comments?start=0&limit=<integer>&api_token=4b809751552328704650aab64be9d16cd628b7924b809751552328704650aab64be9d16cd628b792","Unauthorized","401","423","116",,,,"0","0","0","0"
"1","Pipedrive API v1","Add a comment to a note","POST","https://api.pipedrive.com/v1/notes/<integer>/comments?api_token=4b809751552328704650aab64be9d16cd628b7924b809751552328704650aab64be9d16cd628b792","Unauthorized","401","439","116",,,,"0","0","0","0"
"1","Pipedrive API v1","Get one comment","GET","https://api.pipedrive.com/v1/notes/<integer>/comments/<uuid>?api_token=4b809751552328704650aab64be9d16cd628b7924b809751552328704650aab64be9d16cd628b792","Unauthorized","401","436","116",,,,"0","0","0","0"
"1","Pipedrive API v1","Update a comment related to a note","PUT","https://api.pipedrive.com/v1/notes/<integer>/comments/<uuid>?api_token=4b809751552328704650aab64be9d16cd628b7924b809751552328704650aab64be9d16cd628b792","Unauthorized","401","445","116",,,,"0","0","0","0"
"1","Pipedrive API v1","Delete a comment related to a note","DELETE","https://api.pipedrive.com/v1/notes/<integer>/comments/<uuid>?api_token=4b809751552328704650aab64be9d16cd628b7924b809751552328704650aab64be9d16cd628b792","Unauthorized","401","420","116",,,,"0","0","0","0"
"1","Pipedrive API v1","Get all organization fields","GET","https://api.pipedrive.com/v1/organizationFields?start=0&limit=<integer>&api_token=4b809751552328704650aab64be9d16cd628b7924b809751552328704650aab64be9d16cd628b792","Unauthorized","401","939","116",,,,"0","0","0","0"
"1","Pipedrive API v1","Add a new organization field","POST","https://api.pipedrive.com/v1/organizationFields?api_token=4b809751552328704650aab64be9d16cd628b7924b809751552328704650aab64be9d16cd628b792","Unauthorized","401","427","116",,,,"0","0","0","0"
"1","Pipedrive API v1","Delete multiple organization fields in bulk","DELETE","https://api.pipedrive.com/v1/organizationFields?ids=<string>&api_token=4b809751552328704650aab64be9d16cd628b7924b809751552328704650aab64be9d16cd628b792","Unauthorized","401","452","116",,,,"0","0","0","0"
"1","Pipedrive API v1","Get one organization field","GET","https://api.pipedrive.com/v1/organizationFields/<integer>?api_token=4b809751552328704650aab64be9d16cd628b7924b809751552328704650aab64be9d16cd628b792","Unauthorized","401","424","116",,,,"0","0","0","0"
"1","Pipedrive API v1","Delete an organization field","DELETE","https://api.pipedrive.com/v1/organizationFields/<integer>?api_token=4b809751552328704650aab64be9d16cd628b7924b809751552328704650aab64be9d16cd628b792","Unauthorized","401","429","116",,,,"0","0","0","0"
"1","Pipedrive API v1","Update an organization field","PUT","https://api.pipedrive.com/v1/organizationFields/<integer>?api_token=4b809751552328704650aab64be9d16cd628b7924b809751552328704650aab64be9d16cd628b792","Unauthorized","401","424","116",,,,"0","0","0","0"
"1","Pipedrive API v1","Get all relationships for organization","GET","https://api.pipedrive.com/v1/organizationRelationships?org_id=<integer>&api_token=4b809751552328704650aab64be9d16cd628b7924b809751552328704650aab64be9d16cd628b792","Unauthorized","401","446","116",,,,"0","0","0","0"
"1","Pipedrive API v1","Create an organization relationship","POST","https://api.pipedrive.com/v1/organizationRelationships?api_token=4b809751552328704650aab64be9d16cd628b7924b809751552328704650aab64be9d16cd628b792","Unauthorized","401","438","116",,,,"0","0","0","0"
"1","Pipedrive API v1","Delete an organization relationship","DELETE","https://api.pipedrive.com/v1/organizationRelationships/<integer>?api_token=4b809751552328704650aab64be9d16cd628b7924b809751552328704650aab64be9d16cd628b792","Unauthorized","401","422","116",,,,"0","0","0","0"
"1","Pipedrive API v1","Get one organization relationship","GET","https://api.pipedrive.com/v1/organizationRelationships/<integer>?org_id=<integer>&api_token=4b809751552328704650aab64be9d16cd628b7924b809751552328704650aab64be9d16cd628b792","Unauthorized","401","398","116",,,,"0","0","0","0"
"1","Pipedrive API v1","Update an organization relationship","PUT","https://api.pipedrive.com/v1/organizationRelationships/<integer>?api_token=4b809751552328704650aab64be9d16cd628b7924b809751552328704650aab64be9d16cd628b792","Unauthorized","401","463","116",,,,"0","0","0","0"
"1","Pipedrive API v1","Delete multiple organizations in bulk","DELETE","https://api.pipedrive.com/v1/organizations?ids=<string>&api_token=4b809751552328704650aab64be9d16cd628b7924b809751552328704650aab64be9d16cd628b792","Unauthorized","401","440","116",,,,"0","0","0","0"
"1","Pipedrive API v1","Get all organizations","GET","https://api.pipedrive.com/v1/organizations?user_id=<integer>&filter_id=<integer>&first_char=<string>&start=0&limit=<integer>&sort=<string>&api_token=4b809751552328704650aab64be9d16cd628b7924b809751552328704650aab64be9d16cd628b792","Unauthorized","401","422","116",,,,"0","0","0","0"
"1","Pipedrive API v1","Add an organization","POST","https://api.pipedrive.com/v1/organizations?api_token=4b809751552328704650aab64be9d16cd628b7924b809751552328704650aab64be9d16cd628b792","Unauthorized","401","423","116",,,,"0","0","0","0"
"1","Pipedrive API v1","Get all organizations (BETA)","GET","https://api.pipedrive.com/v1/organizations/collection?cursor=<string>&limit=<integer>&since=<string>&until=<string>&owner_id=<integer>&first_char=<string>&api_token=4b809751552328704650aab64be9d16cd628b7924b809751552328704650aab64be9d16cd628b792","Unauthorized","401","421","116",,,,"0","0","0","0"
"1","Pipedrive API v1","Search organizations","GET","https://api.pipedrive.com/v1/organizations/search?term=<string>&fields=<string>&exact_match=<boolean>&start=0&limit=<integer>&api_token=4b809751552328704650aab64be9d16cd628b7924b809751552328704650aab64be9d16cd628b792","Unauthorized","401","430","116",,,,"0","0","0","0"
"1","Pipedrive API v1","Delete an organization","DELETE","https://api.pipedrive.com/v1/organizations/<integer>?api_token=4b809751552328704650aab64be9d16cd628b7924b809751552328704650aab64be9d16cd628b792","Unauthorized","401","436","116",,,,"0","0","0","0"
"1","Pipedrive API v1","Get details of an organization","GET","https://api.pipedrive.com/v1/organizations/<integer>?api_token=4b809751552328704650aab64be9d16cd628b7924b809751552328704650aab64be9d16cd628b792","Unauthorized","401","461","116",,,,"0","0","0","0"
"1","Pipedrive API v1","Update an organization","PUT","https://api.pipedrive.com/v1/organizations/<integer>?api_token=4b809751552328704650aab64be9d16cd628b7924b809751552328704650aab64be9d16cd628b792","Unauthorized","401","421","116",,,,"0","0","0","0"
"1","Pipedrive API v1","List activities associated with an organization","GET","https://api.pipedrive.com/v1/organizations/<integer>/activities?start=0&limit=<integer>&done=<number>&exclude=<string>&api_token=4b809751552328704650aab64be9d16cd628b7924b809751552328704650aab64be9d16cd628b792","Unauthorized","401","426","116",,,,"0","0","0","0"
"1","Pipedrive API v1","List updates about organization field values","GET","https://api.pipedrive.com/v1/organizations/<integer>/changelog?cursor=<string>&limit=<integer>&api_token=4b809751552328704650aab64be9d16cd628b7924b809751552328704650aab64be9d16cd628b792","Unauthorized","401","424","116",,,,"0","0","0","0"
"1","Pipedrive API v1","List deals associated with an organization","GET","https://api.pipedrive.com/v1/organizations/<integer>/deals?start=0&limit=<integer>&status=all_not_deleted&sort=<string>&only_primary_association=<number>&api_token=4b809751552328704650aab64be9d16cd628b7924b809751552328704650aab64be9d16cd628b792","Unauthorized","401","846","116",,,,"0","0","0","0"
"1","Pipedrive API v1","List files attached to an organization","GET","https://api.pipedrive.com/v1/organizations/<integer>/files?start=0&limit=<integer>&sort=<string>&api_token=4b809751552328704650aab64be9d16cd628b7924b809751552328704650aab64be9d16cd628b792","Unauthorized","401","492","116",,,,"0","0","0","0"
"1","Pipedrive API v1","List updates about an organization","GET","https://api.pipedrive.com/v1/organizations/<integer>/flow?start=0&limit=<integer>&all_changes=<string>&items=<string>&api_token=4b809751552328704650aab64be9d16cd628b7924b809751552328704650aab64be9d16cd628b792","Unauthorized","401","672","116",,,,"0","0","0","0"
"1","Pipedrive API v1","List followers of an organization","GET","https://api.pipedrive.com/v1/organizations/<integer>/followers?api_token=4b809751552328704650aab64be9d16cd628b7924b809751552328704650aab64be9d16cd628b792","Unauthorized","401","208","116",,,,"0","0","0","0"
"1","Pipedrive API v1","Add a follower to an organization","POST","https://api.pipedrive.com/v1/organizations/<integer>/followers?api_token=4b809751552328704650aab64be9d16cd628b7924b809751552328704650aab64be9d16cd628b792","Unauthorized","401","436","116",,,,"0","0","0","0"
"1","Pipedrive API v1","Delete a follower from an organization","DELETE","https://api.pipedrive.com/v1/organizations/<integer>/followers/<integer>?api_token=4b809751552328704650aab64be9d16cd628b7924b809751552328704650aab64be9d16cd628b792","Unauthorized","401","440","116",,,,"0","0","0","0"
"1","Pipedrive API v1","List mail messages associated with an organization","GET","https://api.pipedrive.com/v1/organizations/<integer>/mailMessages?start=0&limit=<integer>&api_token=4b809751552328704650aab64be9d16cd628b7924b809751552328704650aab64be9d16cd628b792","Unauthorized","401","700","116",,,,"0","0","0","0"
"1","Pipedrive API v1","Merge two organizations","PUT","https://api.pipedrive.com/v1/organizations/<integer>/merge?api_token=4b809751552328704650aab64be9d16cd628b7924b809751552328704650aab64be9d16cd628b792","Unauthorized","401","191","116",,,,"0","0","0","0"
"1","Pipedrive API v1","List permitted users","GET","https://api.pipedrive.com/v1/organizations/<integer>/permittedUsers?api_token=4b809751552328704650aab64be9d16cd628b7924b809751552328704650aab64be9d16cd628b792","Unauthorized","401","395","116",,,,"0","0","0","0"
"1","Pipedrive API v1","List persons of an organization","GET","https://api.pipedrive.com/v1/organizations/<integer>/persons?start=0&limit=<integer>&api_token=4b809751552328704650aab64be9d16cd628b7924b809751552328704650aab64be9d16cd628b792","Unauthorized","401","441","116",,,,"0","0","0","0"
"1","Pipedrive API v1","Get all permission sets","GET","https://api.pipedrive.com/v1/permissionSets?app=<string>&api_token=4b809751552328704650aab64be9d16cd628b7924b809751552328704650aab64be9d16cd628b792","Unauthorized","401","432","116",,,,"0","0","0","0"
"1","Pipedrive API v1","Get one permission set","GET","https://api.pipedrive.com/v1/permissionSets/<string>?api_token=4b809751552328704650aab64be9d16cd628b7924b809751552328704650aab64be9d16cd628b792","Unauthorized","401","428","116",,,,"0","0","0","0"
"1","Pipedrive API v1","List permission set assignments","GET","https://api.pipedrive.com/v1/permissionSets/<string>/assignments?start=0&limit=<integer>&api_token=4b809751552328704650aab64be9d16cd628b7924b809751552328704650aab64be9d16cd628b792","Unauthorized","401","417","116",,,,"0","0","0","0"
"1","Pipedrive API v1","Get all person fields","GET","https://api.pipedrive.com/v1/personFields?start=0&limit=<integer>&api_token=4b809751552328704650aab64be9d16cd628b7924b809751552328704650aab64be9d16cd628b792","Unauthorized","401","432","116",,,,"0","0","0","0"
"1","Pipedrive API v1","Add a new person field","POST","https://api.pipedrive.com/v1/personFields?api_token=4b809751552328704650aab64be9d16cd628b7924b809751552328704650aab64be9d16cd628b792","Unauthorized","401","431","116",,,,"0","0","0","0"
"1","Pipedrive API v1","Delete multiple person fields in bulk","DELETE","https://api.pipedrive.com/v1/personFields?ids=<string>&api_token=4b809751552328704650aab64be9d16cd628b7924b809751552328704650aab64be9d16cd628b792","Unauthorized","401","450","116",,,,"0","0","0","0"
"1","Pipedrive API v1","Get one person field","GET","https://api.pipedrive.com/v1/personFields/<integer>?api_token=4b809751552328704650aab64be9d16cd628b7924b809751552328704650aab64be9d16cd628b792","Unauthorized","401","437","116",,,,"0","0","0","0"
"1","Pipedrive API v1","Delete a person field","DELETE","https://api.pipedrive.com/v1/personFields/<integer>?api_token=4b809751552328704650aab64be9d16cd628b7924b809751552328704650aab64be9d16cd628b792","Unauthorized","401","183","116",,,,"0","0","0","0"
"1","Pipedrive API v1","Update a person field","PUT","https://api.pipedrive.com/v1/personFields/<integer>?api_token=4b809751552328704650aab64be9d16cd628b7924b809751552328704650aab64be9d16cd628b792","Unauthorized","401","654","116",,,,"0","0","0","0"
"1","Pipedrive API v1","Delete multiple persons in bulk","DELETE","https://api.pipedrive.com/v1/persons?ids=<string>&api_token=4b809751552328704650aab64be9d16cd628b7924b809751552328704650aab64be9d16cd628b792","Unauthorized","401","439","116",,,,"0","0","0","0"
"1","Pipedrive API v1","Get all persons","GET","https://api.pipedrive.com/v1/persons?user_id=<integer>&filter_id=<integer>&first_char=<string>&start=0&limit=<integer>&sort=<string>&api_token=4b809751552328704650aab64be9d16cd628b7924b809751552328704650aab64be9d16cd628b792","Unauthorized","401","443","116",,,,"0","0","0","0"
"1","Pipedrive API v1","Add a person","POST","https://api.pipedrive.com/v1/persons?api_token=4b809751552328704650aab64be9d16cd628b7924b809751552328704650aab64be9d16cd628b792","Unauthorized","401","441","116",,,,"0","0","0","0"
"1","Pipedrive API v1","Get all persons (BETA)","GET","https://api.pipedrive.com/v1/persons/collection?cursor=<string>&limit=<integer>&since=<string>&until=<string>&owner_id=<integer>&first_char=<string>&api_token=4b809751552328704650aab64be9d16cd628b7924b809751552328704650aab64be9d16cd628b792","Unauthorized","401","426","116",,,,"0","0","0","0"
"1","Pipedrive API v1","Search persons","GET","https://api.pipedrive.com/v1/persons/search?term=<string>&fields=<string>&exact_match=<boolean>&organization_id=<integer>&include_fields=<string>&start=0&limit=<integer>&api_token=4b809751552328704650aab64be9d16cd628b7924b809751552328704650aab64be9d16cd628b792","Unauthorized","401","439","116",,,,"0","0","0","0"
"1","Pipedrive API v1","Delete a person","DELETE","https://api.pipedrive.com/v1/persons/<integer>?api_token=4b809751552328704650aab64be9d16cd628b7924b809751552328704650aab64be9d16cd628b792","Unauthorized","401","441","116",,,,"0","0","0","0"
"1","Pipedrive API v1","Get details of a person","GET","https://api.pipedrive.com/v1/persons/<integer>?api_token=4b809751552328704650aab64be9d16cd628b7924b809751552328704650aab64be9d16cd628b792","Unauthorized","401","670","116",,,,"0","0","0","0"
"1","Pipedrive API v1","Update a person","PUT","https://api.pipedrive.com/v1/persons/<integer>?api_token=4b809751552328704650aab64be9d16cd628b7924b809751552328704650aab64be9d16cd628b792","Unauthorized","401","669","116",,,,"0","0","0","0"
"1","Pipedrive API v1","List activities associated with a person","GET","https://api.pipedrive.com/v1/persons/<integer>/activities?start=0&limit=<integer>&done=<number>&exclude=<string>&api_token=4b809751552328704650aab64be9d16cd628b7924b809751552328704650aab64be9d16cd628b792","Unauthorized","401","397","116",,,,"0","0","0","0"
"1","Pipedrive API v1","List updates about person field values","GET","https://api.pipedrive.com/v1/persons/<integer>/changelog?cursor=<string>&limit=<integer>&api_token=4b809751552328704650aab64be9d16cd628b7924b809751552328704650aab64be9d16cd628b792","Unauthorized","401","495","116",,,,"0","0","0","0"
"1","Pipedrive API v1","List deals associated with a person","GET","https://api.pipedrive.com/v1/persons/<integer>/deals?start=0&limit=<integer>&status=all_not_deleted&sort=<string>&api_token=4b809751552328704650aab64be9d16cd628b7924b809751552328704650aab64be9d16cd628b792","Unauthorized","401","463","116",,,,"0","0","0","0"
"1","Pipedrive API v1","List files attached to a person","GET","https://api.pipedrive.com/v1/persons/<integer>/files?start=0&limit=<integer>&sort=<string>&api_token=4b809751552328704650aab64be9d16cd628b7924b809751552328704650aab64be9d16cd628b792","Unauthorized","401","373","116",,,,"0","0","0","0"
"1","Pipedrive API v1","List updates about a person","GET","https://api.pipedrive.com/v1/persons/<integer>/flow?start=0&limit=<integer>&all_changes=<string>&items=<string>&api_token=4b809751552328704650aab64be9d16cd628b7924b809751552328704650aab64be9d16cd628b792","Unauthorized","401","285","116",,,,"0","0","0","0"
"1","Pipedrive API v1","List followers of a person","GET","https://api.pipedrive.com/v1/persons/<integer>/followers?api_token=4b809751552328704650aab64be9d16cd628b7924b809751552328704650aab64be9d16cd628b792","Unauthorized","401","462","116",,,,"0","0","0","0"
"1","Pipedrive API v1","Add a follower to a person","POST","https://api.pipedrive.com/v1/persons/<integer>/followers?api_token=4b809751552328704650aab64be9d16cd628b7924b809751552328704650aab64be9d16cd628b792","Unauthorized","401","1578","116",,,,"0","0","0","0"
"1","Pipedrive API v1","Delete a follower from a person","DELETE","https://api.pipedrive.com/v1/persons/<integer>/followers/<integer>?api_token=4b809751552328704650aab64be9d16cd628b7924b809751552328704650aab64be9d16cd628b792","Unauthorized","401","452","116",,,,"0","0","0","0"
"1","Pipedrive API v1","List mail messages associated with a person","GET","https://api.pipedrive.com/v1/persons/<integer>/mailMessages?start=0&limit=<integer>&api_token=4b809751552328704650aab64be9d16cd628b7924b809751552328704650aab64be9d16cd628b792","Unauthorized","401","292","116",,,,"0","0","0","0"
"1","Pipedrive API v1","Merge two persons","PUT","https://api.pipedrive.com/v1/persons/<integer>/merge?api_token=4b809751552328704650aab64be9d16cd628b7924b809751552328704650aab64be9d16cd628b792","Unauthorized","401","536","116",,,,"0","0","0","0"
"1","Pipedrive API v1","List permitted users","GET","https://api.pipedrive.com/v1/persons/<integer>/permittedUsers?api_token=4b809751552328704650aab64be9d16cd628b7924b809751552328704650aab64be9d16cd628b792","Unauthorized","401","423","116",,,,"0","0","0","0"
"1","Pipedrive API v1","Delete person picture","DELETE","https://api.pipedrive.com/v1/persons/<integer>/picture?api_token=4b809751552328704650aab64be9d16cd628b7924b809751552328704650aab64be9d16cd628b792","Unauthorized","401","424","116",,,,"0","0","0","0"
"1","Pipedrive API v1","Add person picture","POST","https://api.pipedrive.com/v1/persons/<integer>/picture?api_token=4b809751552328704650aab64be9d16cd628b7924b809751552328704650aab64be9d16cd628b792","Unauthorized","401","443","116",,,,"0","0","0","0"
"1","Pipedrive API v1","List products associated with a person","GET","https://api.pipedrive.com/v1/persons/<integer>/products?start=0&limit=<integer>&api_token=4b809751552328704650aab64be9d16cd628b7924b809751552328704650aab64be9d16cd628b792","Unauthorized","401","438","116",,,,"0","0","0","0"
"1","Pipedrive API v1","Get all pipelines","GET","https://api.pipedrive.com/v1/pipelines?api_token=4b809751552328704650aab64be9d16cd628b7924b809751552328704650aab64be9d16cd628b792","Unauthorized","401","418","116",,,,"0","0","0","0"
"1","Pipedrive API v1","Add a new pipeline","POST","https://api.pipedrive.com/v1/pipelines?api_token=4b809751552328704650aab64be9d16cd628b7924b809751552328704650aab64be9d16cd628b792","Unauthorized","401","331","116",,,,"0","0","0","0"
"1","Pipedrive API v1","Delete a pipeline","DELETE","https://api.pipedrive.com/v1/pipelines/<integer>?api_token=4b809751552328704650aab64be9d16cd628b7924b809751552328704650aab64be9d16cd628b792","Unauthorized","401","702","116",,,,"0","0","0","0"
"1","Pipedrive API v1","Get one pipeline","GET","https://api.pipedrive.com/v1/pipelines/<integer>?totals_convert_currency=<string>&api_token=4b809751552328704650aab64be9d16cd628b7924b809751552328704650aab64be9d16cd628b792","Unauthorized","401","279","116",,,,"0","0","0","0"
"1","Pipedrive API v1","Update a pipeline","PUT","https://api.pipedrive.com/v1/pipelines/<integer>?api_token=4b809751552328704650aab64be9d16cd628b7924b809751552328704650aab64be9d16cd628b792","Unauthorized","401","424","116",,,,"0","0","0","0"
"1","Pipedrive API v1","Get deals conversion rates in pipeline","GET","https://api.pipedrive.com/v1/pipelines/<integer>/conversion_statistics?start_date=<date>&end_date=<date>&user_id=<integer>&api_token=4b809751552328704650aab64be9d16cd628b7924b809751552328704650aab64be9d16cd628b792","Unauthorized","401","408","116",,,,"0","0","0","0"
"1","Pipedrive API v1","Get deals in a pipeline","GET","https://api.pipedrive.com/v1/pipelines/<integer>/deals?filter_id=<integer>&user_id=<integer>&everyone=<number>&stage_id=<integer>&start=0&limit=<integer>&get_summary=<number>&totals_convert_currency=<string>&api_token=4b809751552328704650aab64be9d16cd628b7924b809751552328704650aab64be9d16cd628b792","Unauthorized","401","431","116",,,,"0","0","0","0"
"1","Pipedrive API v1","Get deals movements in pipeline","GET","https://api.pipedrive.com/v1/pipelines/<integer>/movement_statistics?start_date=<date>&end_date=<date>&user_id=<integer>&api_token=4b809751552328704650aab64be9d16cd628b7924b809751552328704650aab64be9d16cd628b792","Unauthorized","401","364","116",,,,"0","0","0","0"
"1","Pipedrive API v1","Delete multiple product fields in bulk","DELETE","https://api.pipedrive.com/v1/productFields?ids=<string>&api_token=4b809751552328704650aab64be9d16cd628b7924b809751552328704650aab64be9d16cd628b792","Unauthorized","401","302","116",,,,"0","0","0","0"
"1","Pipedrive API v1","Get all product fields","GET","https://api.pipedrive.com/v1/productFields?start=0&limit=<integer>&api_token=4b809751552328704650aab64be9d16cd628b7924b809751552328704650aab64be9d16cd628b792","Unauthorized","401","183","116",,,,"0","0","0","0"
"1","Pipedrive API v1","Add a new product field","POST","https://api.pipedrive.com/v1/productFields?api_token=4b809751552328704650aab64be9d16cd628b7924b809751552328704650aab64be9d16cd628b792","Unauthorized","401","357","116",,,,"0","0","0","0"
"1","Pipedrive API v1","Delete a product field","DELETE","https://api.pipedrive.com/v1/productFields/<integer>?api_token=4b809751552328704650aab64be9d16cd628b7924b809751552328704650aab64be9d16cd628b792","Unauthorized","401","462","116",,,,"0","0","0","0"
"1","Pipedrive API v1","Get one product field","GET","https://api.pipedrive.com/v1/productFields/<integer>?api_token=4b809751552328704650aab64be9d16cd628b7924b809751552328704650aab64be9d16cd628b792","Unauthorized","401","442","116",,,,"0","0","0","0"
"1","Pipedrive API v1","Update a product field","PUT","https://api.pipedrive.com/v1/productFields/<integer>?api_token=4b809751552328704650aab64be9d16cd628b7924b809751552328704650aab64be9d16cd628b792","Unauthorized","401","441","116",,,,"0","0","0","0"
"1","Pipedrive API v1","Get all products","GET","https://api.pipedrive.com/v1/products?user_id=<integer>&filter_id=<integer>&ids=<integer>&ids=<integer>&first_char=<string>&get_summary=<boolean>&start=0&limit=<integer>&api_token=4b809751552328704650aab64be9d16cd628b7924b809751552328704650aab64be9d16cd628b792","Unauthorized","401","446","116",,,,"0","0","0","0"
"1","Pipedrive API v1","Add a product","POST","https://api.pipedrive.com/v1/products?api_token=4b809751552328704650aab64be9d16cd628b7924b809751552328704650aab64be9d16cd628b792","Unauthorized","401","401","116",,,,"0","0","0","0"
"1","Pipedrive API v1","Search products","GET","https://api.pipedrive.com/v1/products/search?term=<string>&fields=<string>&exact_match=<boolean>&include_fields=<string>&start=0&limit=<integer>&api_token=4b809751552328704650aab64be9d16cd628b7924b809751552328704650aab64be9d16cd628b792","Unauthorized","401","430","116",,,,"0","0","0","0"
"1","Pipedrive API v1","Delete a product","DELETE","https://api.pipedrive.com/v1/products/<integer>?api_token=4b809751552328704650aab64be9d16cd628b7924b809751552328704650aab64be9d16cd628b792","Unauthorized","401","424","116",,,,"0","0","0","0"
"1","Pipedrive API v1","Get one product","GET","https://api.pipedrive.com/v1/products/<integer>?api_token=4b809751552328704650aab64be9d16cd628b7924b809751552328704650aab64be9d16cd628b792","Unauthorized","401","442","116",,,,"0","0","0","0"
"1","Pipedrive API v1","Update a product","PUT","https://api.pipedrive.com/v1/products/<integer>?api_token=4b809751552328704650aab64be9d16cd628b7924b809751552328704650aab64be9d16cd628b792","Unauthorized","401","661","116",,,,"0","0","0","0"
"1","Pipedrive API v1","Get deals where a product is attached to","GET","https://api.pipedrive.com/v1/products/<integer>/deals?start=0&limit=<integer>&status=all_not_deleted&api_token=4b809751552328704650aab64be9d16cd628b7924b809751552328704650aab64be9d16cd628b792","Unauthorized","401","203","116",,,,"0","0","0","0"
"1","Pipedrive API v1","List files attached to a product","GET","https://api.pipedrive.com/v1/products/<integer>/files?start=0&limit=<integer>&sort=<string>&api_token=4b809751552328704650aab64be9d16cd628b7924b809751552328704650aab64be9d16cd628b792","Unauthorized","401","431","116",,,,"0","0","0","0"
"1","Pipedrive API v1","List followers of a product","GET","https://api.pipedrive.com/v1/products/<integer>/followers?start=0&limit=<integer>&api_token=4b809751552328704650aab64be9d16cd628b7924b809751552328704650aab64be9d16cd628b792","Unauthorized","401","421","116",,,,"0","0","0","0"
"1","Pipedrive API v1","Add a follower to a product","POST","https://api.pipedrive.com/v1/products/<integer>/followers?api_token=4b809751552328704650aab64be9d16cd628b7924b809751552328704650aab64be9d16cd628b792","Unauthorized","401","441","116",,,,"0","0","0","0"
"1","Pipedrive API v1","Delete a follower from a product","DELETE","https://api.pipedrive.com/v1/products/<integer>/followers/<integer>?api_token=4b809751552328704650aab64be9d16cd628b7924b809751552328704650aab64be9d16cd628b792","Unauthorized","401","431","116",,,,"0","0","0","0"
"1","Pipedrive API v1","List permitted users","GET","https://api.pipedrive.com/v1/products/<integer>/permittedUsers?api_token=4b809751552328704650aab64be9d16cd628b7924b809751552328704650aab64be9d16cd628b792","Unauthorized","401","1462","116",,,,"0","0","0","0"
"1","Pipedrive API v1","Get all projects","GET","https://api.pipedrive.com/v1/projects?cursor=<string>&limit=<integer>&filter_id=<integer>&status=<string>&phase_id=<integer>&include_archived=<boolean>&api_token=4b809751552328704650aab64be9d16cd628b7924b809751552328704650aab64be9d16cd628b792","Unauthorized","401","422","116",,,,"0","0","0","0"
"1","Pipedrive API v1","Add a project","POST","https://api.pipedrive.com/v1/projects?api_token=4b809751552328704650aab64be9d16cd628b7924b809751552328704650aab64be9d16cd628b792","Unauthorized","401","433","116",,,,"0","0","0","0"
"1","Pipedrive API v1","Get details of a project","GET","https://api.pipedrive.com/v1/projects/<integer>?api_token=4b809751552328704650aab64be9d16cd628b7924b809751552328704650aab64be9d16cd628b792","Unauthorized","401","447","116",,,,"0","0","0","0"
"1","Pipedrive API v1","Update a project","PUT","https://api.pipedrive.com/v1/projects/<integer>?api_token=4b809751552328704650aab64be9d16cd628b7924b809751552328704650aab64be9d16cd628b792","Unauthorized","401","462","116",,,,"0","0","0","0"
"1","Pipedrive API v1","Delete a project","DELETE","https://api.pipedrive.com/v1/projects/<integer>?api_token=4b809751552328704650aab64be9d16cd628b7924b809751552328704650aab64be9d16cd628b792","Unauthorized","401","416","116",,,,"0","0","0","0"
"1","Pipedrive API v1","Archive a project","POST","https://api.pipedrive.com/v1/projects/<integer>/archive?api_token=4b809751552328704650aab64be9d16cd628b7924b809751552328704650aab64be9d16cd628b792","Unauthorized","401","460","116",,,,"0","0","0","0"
"1","Pipedrive API v1","Returns project plan","GET","https://api.pipedrive.com/v1/projects/<integer>/plan?api_token=4b809751552328704650aab64be9d16cd628b7924b809751552328704650aab64be9d16cd628b792","Unauthorized","401","359","116",,,,"0","0","0","0"
"1","Pipedrive API v1","Update activity in project plan","PUT","https://api.pipedrive.com/v1/projects/<integer>/plan/activities/<integer>?api_token=4b809751552328704650aab64be9d16cd628b7924b809751552328704650aab64be9d16cd628b792","Unauthorized","401","514","116",,,,"0","0","0","0"
"1","Pipedrive API v1","Update task in project plan","PUT","https://api.pipedrive.com/v1/projects/<integer>/plan/tasks/<integer>?api_token=4b809751552328704650aab64be9d16cd628b7924b809751552328704650aab64be9d16cd628b792","Unauthorized","401","672","116",,,,"0","0","0","0"
"1","Pipedrive API v1","Returns project groups","GET","https://api.pipedrive.com/v1/projects/<integer>/groups?api_token=4b809751552328704650aab64be9d16cd628b7924b809751552328704650aab64be9d16cd628b792","Unauthorized","401","221","116",,,,"0","0","0","0"
"1","Pipedrive API v1","Returns project tasks","GET","https://api.pipedrive.com/v1/projects/<integer>/tasks?api_token=4b809751552328704650aab64be9d16cd628b7924b809751552328704650aab64be9d16cd628b792","Unauthorized","401","429","116",,,,"0","0","0","0"
"1","Pipedrive API v1","Returns project activities","GET","https://api.pipedrive.com/v1/projects/<integer>/activities?api_token=4b809751552328704650aab64be9d16cd628b7924b809751552328704650aab64be9d16cd628b792","Unauthorized","401","456","116",,,,"0","0","0","0"
"1","Pipedrive API v1","Get all project boards","GET","https://api.pipedrive.com/v1/projects/boards?api_token=4b809751552328704650aab64be9d16cd628b7924b809751552328704650aab64be9d16cd628b792","Unauthorized","401","427","116",,,,"0","0","0","0"
"1","Pipedrive API v1","Get project phases","GET","https://api.pipedrive.com/v1/projects/phases?board_id=<integer>&api_token=4b809751552328704650aab64be9d16cd628b7924b809751552328704650aab64be9d16cd628b792","Unauthorized","401","434","116",,,,"0","0","0","0"
"1","Pipedrive API v1","Get details of a board","GET","https://api.pipedrive.com/v1/projects/boards/<integer>?api_token=4b809751552328704650aab64be9d16cd628b7924b809751552328704650aab64be9d16cd628b792","Unauthorized","401","412","116",,,,"0","0","0","0"
"1","Pipedrive API v1","Get details of a phase","GET","https://api.pipedrive.com/v1/projects/phases/<integer>?api_token=4b809751552328704650aab64be9d16cd628b7924b809751552328704650aab64be9d16cd628b792","Unauthorized","401","460","116",,,,"0","0","0","0"
"1","Pipedrive API v1","Get all project templates","GET","https://api.pipedrive.com/v1/projectTemplates?cursor=<string>&limit=<integer>&api_token=4b809751552328704650aab64be9d16cd628b7924b809751552328704650aab64be9d16cd628b792","Unauthorized","401","564","116",,,,"0","0","0","0"
"1","Pipedrive API v1","Get details of a template","GET","https://api.pipedrive.com/v1/projectTemplates/<integer>?api_token=4b809751552328704650aab64be9d16cd628b7924b809751552328704650aab64be9d16cd628b792","Unauthorized","401","199","116",,,,"0","0","0","0"
"1","Pipedrive API v1","Get recents","GET","https://api.pipedrive.com/v1/recents?since_timestamp=<string>&items=<string>&start=0&limit=<integer>&api_token=4b809751552328704650aab64be9d16cd628b7924b809751552328704650aab64be9d16cd628b792","Unauthorized","401","518","116",,,,"0","0","0","0"
"1","Pipedrive API v1","Get all roles","GET","https://api.pipedrive.com/v1/roles?start=0&limit=<integer>&api_token=4b809751552328704650aab64be9d16cd628b7924b809751552328704650aab64be9d16cd628b792","Unauthorized","401","456","116",,,,"0","0","0","0"
"1","Pipedrive API v1","Add a role","POST","https://api.pipedrive.com/v1/roles?api_token=4b809751552328704650aab64be9d16cd628b7924b809751552328704650aab64be9d16cd628b792","Unauthorized","401","743","116",,,,"0","0","0","0"
"1","Pipedrive API v1","Delete a role","DELETE","https://api.pipedrive.com/v1/roles/<integer>?api_token=4b809751552328704650aab64be9d16cd628b7924b809751552328704650aab64be9d16cd628b792","Unauthorized","401","636","116",,,,"0","0","0","0"
"1","Pipedrive API v1","Get one role","GET","https://api.pipedrive.com/v1/roles/<integer>?api_token=4b809751552328704650aab64be9d16cd628b7924b809751552328704650aab64be9d16cd628b792","Unauthorized","401","455","116",,,,"0","0","0","0"
"1","Pipedrive API v1","Update role details","PUT","https://api.pipedrive.com/v1/roles/<integer>?api_token=4b809751552328704650aab64be9d16cd628b7924b809751552328704650aab64be9d16cd628b792","Unauthorized","401","800","116",,,,"0","0","0","0"
"1","Pipedrive API v1","Delete a role assignment","DELETE","https://api.pipedrive.com/v1/roles/<integer>/assignments?api_token=4b809751552328704650aab64be9d16cd628b7924b809751552328704650aab64be9d16cd628b792","Unauthorized","401","267","116",,,,"0","0","0","0"
"1","Pipedrive API v1","List role assignments","GET","https://api.pipedrive.com/v1/roles/<integer>/assignments?start=0&limit=<integer>&api_token=4b809751552328704650aab64be9d16cd628b7924b809751552328704650aab64be9d16cd628b792","Unauthorized","401","202","116",,,,"0","0","0","0"
"1","Pipedrive API v1","Add role assignment","POST","https://api.pipedrive.com/v1/roles/<integer>/assignments?api_token=4b809751552328704650aab64be9d16cd628b7924b809751552328704650aab64be9d16cd628b792","Unauthorized","401","421","116",,,,"0","0","0","0"
"1","Pipedrive API v1","List role settings","GET","https://api.pipedrive.com/v1/roles/<integer>/settings?api_token=4b809751552328704650aab64be9d16cd628b7924b809751552328704650aab64be9d16cd628b792","Unauthorized","401","464","116",,,,"0","0","0","0"
"1","Pipedrive API v1","Add or update role setting","POST","https://api.pipedrive.com/v1/roles/<integer>/settings?api_token=4b809751552328704650aab64be9d16cd628b7924b809751552328704650aab64be9d16cd628b792","Unauthorized","401","434","116",,,,"0","0","0","0"
"1","Pipedrive API v1","List pipeline visibility for a role","GET","https://api.pipedrive.com/v1/roles/<integer>/pipelines?visible=true&api_token=4b809751552328704650aab64be9d16cd628b7924b809751552328704650aab64be9d16cd628b792","Unauthorized","401","439","116",,,,"0","0","0","0"
"1","Pipedrive API v1","Update pipeline visibility for a role","PUT","https://api.pipedrive.com/v1/roles/<integer>/pipelines?api_token=4b809751552328704650aab64be9d16cd628b7924b809751552328704650aab64be9d16cd628b792","Unauthorized","401","677","116",,,,"0","0","0","0"
"1","Pipedrive API v1","Delete multiple stages in bulk","DELETE","https://api.pipedrive.com/v1/stages?ids=<string>&api_token=4b809751552328704650aab64be9d16cd628b7924b809751552328704650aab64be9d16cd628b792","Unauthorized","401","685","116",,,,"0","0","0","0"
"1","Pipedrive API v1","Get all stages","GET","https://api.pipedrive.com/v1/stages?pipeline_id=<integer>&start=0&limit=<integer>&api_token=4b809751552328704650aab64be9d16cd628b7924b809751552328704650aab64be9d16cd628b792","Unauthorized","401","345","116",,,,"0","0","0","0"
"1","Pipedrive API v1","Add a new stage","POST","https://api.pipedrive.com/v1/stages?api_token=4b809751552328704650aab64be9d16cd628b7924b809751552328704650aab64be9d16cd628b792","Unauthorized","401","619","116",,,,"0","0","0","0"
"1","Pipedrive API v1","Delete a stage","DELETE","https://api.pipedrive.com/v1/stages/<integer>?api_token=4b809751552328704650aab64be9d16cd628b7924b809751552328704650aab64be9d16cd628b792","Unauthorized","401","851","116",,,,"0","0","0","0"
"1","Pipedrive API v1","Get one stage","GET","https://api.pipedrive.com/v1/stages/<integer>?everyone=<number>&api_token=4b809751552328704650aab64be9d16cd628b7924b809751552328704650aab64be9d16cd628b792","Unauthorized","401","482","116",,,,"0","0","0","0"
"1","Pipedrive API v1","Update stage details","PUT","https://api.pipedrive.com/v1/stages/<integer>?api_token=4b809751552328704650aab64be9d16cd628b7924b809751552328704650aab64be9d16cd628b792","Unauthorized","401","306","116",,,,"0","0","0","0"
"1","Pipedrive API v1","Get deals in a stage","GET","https://api.pipedrive.com/v1/stages/<integer>/deals?filter_id=<integer>&user_id=<integer>&everyone=<number>&start=0&limit=<integer>&api_token=4b809751552328704650aab64be9d16cd628b7924b809751552328704650aab64be9d16cd628b792","Unauthorized","401","434","116",,,,"0","0","0","0"
"1","Pipedrive API v1","Get details of a subscription","GET","https://api.pipedrive.com/v1/subscriptions/<integer>?api_token=4b809751552328704650aab64be9d16cd628b7924b809751552328704650aab64be9d16cd628b792","Unauthorized","401","449","116",,,,"0","0","0","0"
"1","Pipedrive API v1","Delete a subscription","DELETE","https://api.pipedrive.com/v1/subscriptions/<integer>?api_token=4b809751552328704650aab64be9d16cd628b7924b809751552328704650aab64be9d16cd628b792","Unauthorized","401","686","116",,,,"0","0","0","0"
"1","Pipedrive API v1","Find subscription by deal","GET","https://api.pipedrive.com/v1/subscriptions/find/<integer>?api_token=4b809751552328704650aab64be9d16cd628b7924b809751552328704650aab64be9d16cd628b792","Unauthorized","401","186","116",,,,"0","0","0","0"
"1","Pipedrive API v1","Get all payments of a subscription","GET","https://api.pipedrive.com/v1/subscriptions/<integer>/payments?api_token=4b809751552328704650aab64be9d16cd628b7924b809751552328704650aab64be9d16cd628b792","Unauthorized","401","191","116",,,,"0","0","0","0"
"1","Pipedrive API v1","Add a recurring subscription","POST","https://api.pipedrive.com/v1/subscriptions/recurring?api_token=4b809751552328704650aab64be9d16cd628b7924b809751552328704650aab64be9d16cd628b792","Unauthorized","401","586","116",,,,"0","0","0","0"
"1","Pipedrive API v1","Add an installment subscription","POST","https://api.pipedrive.com/v1/subscriptions/installment?api_token=4b809751552328704650aab64be9d16cd628b7924b809751552328704650aab64be9d16cd628b792","Unauthorized","401","504","116",,,,"0","0","0","0"
"1","Pipedrive API v1","Update a recurring subscription","PUT","https://api.pipedrive.com/v1/subscriptions/recurring/<integer>?api_token=4b809751552328704650aab64be9d16cd628b7924b809751552328704650aab64be9d16cd628b792","Unauthorized","401","428","116",,,,"0","0","0","0"
"1","Pipedrive API v1","Update an installment subscription","PUT","https://api.pipedrive.com/v1/subscriptions/installment/<integer>?api_token=4b809751552328704650aab64be9d16cd628b7924b809751552328704650aab64be9d16cd628b792","Unauthorized","401","965","116",,,,"0","0","0","0"
"1","Pipedrive API v1","Cancel a recurring subscription","PUT","https://api.pipedrive.com/v1/subscriptions/recurring/<integer>/cancel?api_token=4b809751552328704650aab64be9d16cd628b7924b809751552328704650aab64be9d16cd628b792","Unauthorized","401","420","116",,,,"0","0","0","0"
"1","Pipedrive API v1","Get all tasks","GET","https://api.pipedrive.com/v1/tasks?cursor=<string>&limit=<integer>&assignee_id=<integer>&project_id=<integer>&parent_task_id=<integer>&done=<number>&api_token=4b809751552328704650aab64be9d16cd628b7924b809751552328704650aab64be9d16cd628b792","Unauthorized","401","447","116",,,,"0","0","0","0"
"1","Pipedrive API v1","Add a task","POST","https://api.pipedrive.com/v1/tasks?api_token=4b809751552328704650aab64be9d16cd628b7924b809751552328704650aab64be9d16cd628b792","Unauthorized","401","772","116",,,,"0","0","0","0"
"1","Pipedrive API v1","Get details of a task","GET","https://api.pipedrive.com/v1/tasks/<integer>?api_token=4b809751552328704650aab64be9d16cd628b7924b809751552328704650aab64be9d16cd628b792","Unauthorized","401","601","116",,,,"0","0","0","0"
"1","Pipedrive API v1","Update a task","PUT","https://api.pipedrive.com/v1/tasks/<integer>?api_token=4b809751552328704650aab64be9d16cd628b7924b809751552328704650aab64be9d16cd628b792","Unauthorized","401","441","116",,,,"0","0","0","0"
"1","Pipedrive API v1","Delete a task","DELETE","https://api.pipedrive.com/v1/tasks/<integer>?api_token=4b809751552328704650aab64be9d16cd628b7924b809751552328704650aab64be9d16cd628b792","Unauthorized","401","853","116",,,,"0","0","0","0"
"1","Pipedrive API v1","Get all user connections","GET","https://api.pipedrive.com/v1/userConnections?api_token=4b809751552328704650aab64be9d16cd628b7924b809751552328704650aab64be9d16cd628b792","Unauthorized","401","379","116",,,,"0","0","0","0"
"1","Pipedrive API v1","List settings of an authorized user","GET","https://api.pipedrive.com/v1/userSettings?api_token=4b809751552328704650aab64be9d16cd628b7924b809751552328704650aab64be9d16cd628b792","Unauthorized","401","252","116",,,,"0","0","0","0"
"1","Pipedrive API v1","Get all users","GET","https://api.pipedrive.com/v1/users?api_token=4b809751552328704650aab64be9d16cd628b7924b809751552328704650aab64be9d16cd628b792","Unauthorized","401","796","116","Response body is valid, Response body is valid","Status code is 200, company_id should be 13949140, Success field should be true, ID in data[0] should be 23147741, Name in data[0] should be 'Folajimi Lawal', Active flag should be true, Role ID should be 1, Has created company should be true, Status code is 200, company_id should be 13949140, Data array should contain exactly 2 element, Success field should be true, ID in data[0] should be 23147741",,"15","2","13","0"
"1","Pipedrive API v1","Negative Test Get all users Copy","GET","https://api.pipedrive.com/v1/user?api_token=4b809751552328704650aab64be9d16cd628b7924b809751552328704650aab64be9d16cd628b792","Unauthorized","401","260","116","Check if 'error' field is present","Status code is not 200, Check if 'status' field is present",,"3","1","2","0"
"1","Pipedrive API v1","Add a new user","POST","https://api.pipedrive.com/v1/users?api_token=4b809751552328704650aab64be9d16cd628b7924b809751552328704650aab64be9d16cd628b792","Unauthorized","401","412","116",,"Status code is 200, Status is successful, User data fields are present, User role and permissions are valid, User has correct app access, Created and modified timestamps are valid, User ID is a valid number, User name is not empty, Active flag is a boolean, Phone number is valid or null, User is active and not deleted, Set collection variable for user ID, Status is successful, User data fields are present, User role and permissions are valid, User has correct app access, Created and modified timestamps are valid, User ID is a valid number, User name is not empty, Active flag is a boolean, Phone number is valid or null, User is active and not deleted, Set collection variable for user ID",,"23","0","23","0"
"1","Pipedrive API v1","Find users by name","GET","https://api.pipedrive.com/v1/users/find?term=""Folajimi Lawal""&api_token=4b809751552328704650aab64be9d16cd628b7924b809751552328704650aab64be9d16cd628b792","Unauthorized","401","195","116","Response body is not empty, Response time is acceptable","Status code is 200, Data is always an array, Data array does not contain unexpected elements, Additional data is always defined, Response structure is correct, Success flag is always true, Response contains only expected keys, Response fields have correct data types",,"10","2","8","0"
"1","Pipedrive API v1","Negative test Find users by name Copy","POST","https://api.pipedrive.com/v1/users/find?term=""Folajimi Lawal""&api_token=4b809751552328704650aab64be9d16cd628b7924b809751552328704650aab64be9d16cd628b792","Unauthorized","401","240","116","Unauthorized request should fail, Malformed JSON request should fail",,,"2","2","0","0"
"1","Pipedrive API v1","Get current user data","GET","https://api.pipedrive.com/v1/users/me?timezone_name=""Africa/Lagos""&api_token=4b809751552328704650aab64be9d16cd628b7924b809751552328704650aab64be9d16cd628b792","Unauthorized","401","686","116","Response body is not empty","Status code is 200, Response has expected keys, Success flag is true, Data object exists, ID is a number, Email is valid, Default currency is NGN, Active flag is true, User is not deleted, User is an admin, Access array exists and is not empty, First access object has necessary keys, Company ID is a number, Last login is not null",,"15","1","14","0"
"1","Pipedrive API v1","Negative Test Cases Get current user data Copy","GET","https://api.pipedrive.com/v1/users/me?timezone_name=""Africa/Lagos""&api_token=4b809751552328704650aab64be9d16cd628b7924b809751552328704650aab64be9d16cd628b792","Unauthorized","401","297","116","Unauthorized request should fail","Success should not be false",,"2","1","1","0"
"1","Pipedrive API v1","Get one user","GET","https://api.pipedrive.com/v1/users/23147741?api_token=4b809751552328704650aab64be9d16cd628b7924b809751552328704650aab64be9d16cd628b792","Unauthorized","401","632","116",,"Admin should be true, Status code is 200, Success field should be true, User ID should be 23147741, Log the access array, Access app should be 'sales', Company ID should be 13949140, User email should be 'lawalfolashoyoye@gmail.com', User locale should be 'en_US', User timezone should be 'Africa/Lagos', User timezone offset should be '+01:00', Default currency should be 'NGN', Active flag should be true, User should not be deleted, User should be an admin, Role ID should be 1, User should have created a company, User should be the logged-in user, Phone number should be '00008161278314', Last login should be '2025-02-18 10:04:19', Modified timestamp should be '2025-02-18 10:04:50', Company ID should be 13949140, User should have access to global app",,"23","0","23","0"
"1","Pipedrive API v1","Update user details","PUT","https://api.pipedrive.com/v1/users/23148214?api_token=4b809751552328704650aab64be9d16cd628b7924b809751552328704650aab64be9d16cd628b792","Unauthorized","401","245","116",,"Response success should be true, Response should contain data, User ID should be 23148214, User name should be 'kola@mail.com', User email should be 'kola@mail.com', User language should be 1, User locale should be null, User timezone name should be null, User timezone offset should be null, User default currency should be null, User icon URL should be null, User active flag should be true, User is_deleted should be false, User should not be an admin, User role ID should be 1, User created timestamp should be '2025-02-15 08:29:15', User has_created_company should be false, User icon URL should be null, User active flag should be true, User is_deleted should be false, User is_you should be false, User phone number should be null, User modified timestamp should be '2025-02-15 08:29:15', User last login should be null, User should have access to sales, User should not have admin access to sales app, Access array should have 2 entries, Permission set IDs should be unique",,"28","0","28","0"
"1","Pipedrive API v1","List followers of a user","GET","https://api.pipedrive.com/v1/users/23148214/followers?api_token=4b809751552328704650aab64be9d16cd628b7924b809751552328704650aab64be9d16cd628b792","Unauthorized","401","334","116",,"Status code is 200, Success flag is true, Data should be null, Additional data exists, Pagination exists inside additional_data, Pagination start is 0, Pagination limit is 100, More items in collection is false, Response contains success, data, and additional_data keys, Pagination object contains start, limit, and more_items_in_collection",,"10","0","10","0"
"1","Pipedrive API v1","List user permissions","GET","https://api.pipedrive.com/v1/users/23148214/permissions?api_token=4b809751552328704650aab64be9d16cd628b7924b809751552328704650aab64be9d16cd628b792","Unauthorized","401","389","116",,"Status code is 200, Success flag is true, Data key exists, Response contains all expected permissions, can_add_deals should be true, can_edit_other_users_deals should be true, can_modify_owner_for_deals should be true, can_add_leads should be true, can_convert_deals_to_leads should be true, can_edit_other_users_leads should be true",,"10","0","10","0"
"1","Pipedrive API v1","List role assignments","GET","https://api.pipedrive.com/v1/users/23148214/roleAssignments?start=3&limit=40&api_token=4b809751552328704650aab64be9d16cd628b7924b809751552328704650aab64be9d16cd628b792","Unauthorized","401","397","116","Response is in JSON format","Status code is 200, Success flag is true, 'data' key is present, 'additional_data' is present in the response, 'pagination' exists inside 'additional_data', 'pagination.start' is 3, 'pagination.limit' is 40, 'more_items_in_collection' is false, 'role_id' is 1, 'active_flag' is true, 'type' is '1', 'parent_role_id' is null, 'name' is 'Unassigned users', 'user_id' is a number",,"15","1","14","0"
"1","Pipedrive API v1","List user role settings","GET","https://api.pipedrive.com/v1/users/23148214/roleSettings?api_token=4b809751552328704650aab64be9d16cd628b7924b809751552328704650aab64be9d16cd628b792","Unauthorized","401","340","116",,"Verify success status is true, Verify 'data' object exists, Verify 'deal_default_visibility' exists and is 3, Verify 'org_default_visibility' exists and is 3, Verify 'person_default_visibility' exists and is 3, Verify 'product_default_visibility' exists and is 3, Verify 'lead_default_visibility' exists and is 3, Verify 'data' contains five visibility settings",,"8","0","8","0"
"1","Pipedrive API v1","Get all Webhooks","GET","https://api.pipedrive.com/v1/webhooks?api_token=4b809751552328704650aab64be9d16cd628b7924b809751552328704650aab64be9d16cd628b792","Unauthorized","401","399","116",,,,"0","0","0","0"
"1","Pipedrive API v1","Create a new Webhook","POST","https://api.pipedrive.com/v1/webhooks?api_token=4b809751552328704650aab64be9d16cd628b7924b809751552328704650aab64be9d16cd628b792","Unauthorized","401","451","116",,,,"0","0","0","0"
"1","Pipedrive API v1","Delete existing Webhook","DELETE","https://api.pipedrive.com/v1/webhooks/<integer>?api_token=4b809751552328704650aab64be9d16cd628b7924b809751552328704650aab64be9d16cd628b792","Unauthorized","401","445","116",,,,"0","0","0","0"